date,metric_id,source_key,value,collected_at,note
2026-09-09,wikipedia_pageviews,c3ebcc905543,373.0,2026-09-24T03:44:13+08:00,wikipedia_pageviews
2026-09-10,wikipedia_pageviews,c3ebcc905543,304.0,2026-09-24T03:44:13+08:00,wikipedia_pageviews
2026-09-11,wikipedia_pageviews,c3ebcc905543,266.0,2026-09-24T03:44:13+08:00,wikipedia_pageviews
2026-09-12,wikipedia_pageviews,c3ebcc905543,279.0,2026-09-24T03:44:13+08:00,wikipedia_pageviews
2026-09-13,wikipedia_pageviews,c3ebcc905543,296.0,2026-09-24T03:44:13+08:00,wikipedia_pageviews
2026-09-14,wikipedia_pageviews,c3ebcc905543,383.0,2026-09-24T03:44:13+08:00,wikipedia_pageviews
2026-09-15,wikipedia_pageviews,c3ebcc905543,329.0,2026-09-24T03:44:13+08:00,wikipedia_pageviews
2026-09-16,wikipedia_pageviews,c3ebcc905543,295.0,2026-09-24T03:44:13+08:00,wikipedia_pageviews
2026-09-17,wikipedia_pageviews,c3ebcc905543,253.0,2026-09-24T03:44:13+08:00,wikipedia_pageviews
2026-09-18,wikipedia_pageviews,c3ebcc905543,308.0,2026-09-24T03:44:13+08:00,wikipedia_pageviews
2026-09-19,wikipedia_pageviews,c3ebcc905543,308.0,2026-09-24T03:44:13+08:00,wikipedia_pageviews
2026-09-20,wikipedia_pageviews,c3ebcc905543,315.0,2026-09-24T03:44:13+08:00,wikipedia_pageviews
2026-09-21,official_event_players,22eadeae97e4,6627.0,2026-09-24T03:44:13+08:00,riftbound_official_players
2026-09-21,official_events,19a1c0244b23,1058.0,2026-09-24T03:44:13+08:00,riftbound_official_events
2026-09-21,wikipedia_pageviews,c3ebcc905543,342.0,2026-09-24T03:44:13+08:00,wikipedia_pageviews
2026-09-22,official_event_players,22eadeae97e4,7110.0,2026-09-25T04:02:54+08:00,riftbound_official_players
2026-09-22,official_events,19a1c0244b23,846.0,2026-09-25T04:02:54+08:00,riftbound_official_events
2026-09-22,wikipedia_pageviews,c3ebcc905543,321.0,2026-09-24T03:44:13+08:00,wikipedia_pageviews
2026-09-23,official_event_players,22eadeae97e4,8637.0,2026-09-26T04:04:47+08:00,riftbound_official_players
2026-09-23,official_events,19a1c0244b23,1073.0,2026-09-26T04:04:47+08:00,riftbound_official_events
2026-09-23,wikipedia_pageviews,c3ebcc905543,327.0,2026-09-25T04:02:54+08:00,wikipedia_pageviews
2026-09-24,official_event_players,22eadeae97e4,9593.0,2026-09-27T03:17:29+08:00,riftbound_official_players
2026-09-24,official_events,19a1c0244b23,1279.0,2026-09-27T03:17:29+08:00,riftbound_official_events
2026-09-24,wikipedia_pageviews,c3ebcc905543,333.0,2026-09-26T04:04:47+08:00,wikipedia_pageviews
2026-09-25,official_event_players,22eadeae97e4,9366.0,2026-09-28T03:49:22+08:00,riftbound_official_players
2026-09-25,official_events,19a1c0244b23,1340.0,2026-09-28T03:49:22+08:00,riftbound_official_events
2026-09-25,wikipedia_pageviews,c3ebcc905543,322.0,2026-09-27T03:17:29+08:00,wikipedia_pageviews
2026-09-26,official_event_players,22eadeae97e4,16979.0,2026-09-29T06:12:10+08:00,riftbound_official_players
2026-09-26,official_events,19a1c0244b23,1907.0,2026-09-29T06:12:10+08:00,riftbound_official_events
2026-09-26,wikipedia_pageviews,c3ebcc905543,313.0,2026-09-28T03:49:22+08:00,wikipedia_pageviews
2026-09-27,official_event_players,22eadeae97e4,12983.0,2026-09-30T04:56:32+08:00,riftbound_official_players
2026-09-27,official_events,19a1c0244b23,1571.0,2026-09-30T04:56:32+08:00,riftbound_official_events
2026-09-27,wikipedia_pageviews,c3ebcc905543,555.0,2026-09-29T06:12:10+08:00,wikipedia_pageviews
2026-09-28,official_event_players,22eadeae97e4,7044.0,2026-10-01T04:55:06+08:00,riftbound_official_players
2026-09-28,official_events,19a1c0244b23,870.0,2026-10-01T04:55:06+08:00,riftbound_official_events
2026-09-28,wikipedia_pageviews,c3ebcc905543,548.0,2026-09-30T04:56:32+08:00,wikipedia_pageviews
2026-09-29,official_event_players,22eadeae97e4,6399.0,2026-10-02T05:10:09+08:00,riftbound_official_players
2026-09-29,official_events,19a1c0244b23,831.0,2026-10-02T05:10:09+08:00,riftbound_official_events
2026-09-29,wikipedia_pageviews,c3ebcc905543,561.0,2026-10-01T04:55:06+08:00,wikipedia_pageviews
2026-09-30,official_event_players,22eadeae97e4,8643.0,2026-10-03T04:51:20+08:00,riftbound_official_players
2026-09-30,official_events,19a1c0244b23,1036.0,2026-10-03T04:51:20+08:00,riftbound_official_events
2026-09-30,wikipedia_pageviews,c3ebcc905543,534.0,2026-10-02T05:10:09+08:00,wikipedia_pageviews
2026-10-01,official_event_players,22eadeae97e4,8552.0,2026-10-04T03:19:20+08:00,riftbound_official_players
2026-10-01,official_events,19a1c0244b23,1173.0,2026-10-04T03:19:20+08:00,riftbound_official_events
2026-10-01,wikipedia_pageviews,c3ebcc905543,644.0,2026-10-03T04:51:20+08:00,wikipedia_pageviews
2026-10-02,official_event_players,22eadeae97e4,6942.0,2026-10-05T03:44:08+08:00,riftbound_official_players
2026-10-02,official_events,19a1c0244b23,1061.0,2026-10-05T03:44:08+08:00,riftbound_official_events
2026-10-02,wikipedia_pageviews,c3ebcc905543,478.0,2026-10-04T03:19:20+08:00,wikipedia_pageviews
2026-10-03,wikipedia_pageviews,c3ebcc905543,502.0,2026-10-05T03:44:09+08:00,wikipedia_pageviews
